{"levelNumber":4,"starCounts":0,"isCompleted":false,"levelName":"Level_4","groundShape":"Pentagon","groundScale":{"x":0.5400000214576721,"y":200.0,"z":0.5400000214576721},"timeLimit":10.0,"rooms":{"startRoom":{"walls":[{"tag":"Wall","materialColor":"","transform":{"Position":{"x":-46.0,"y":5.5,"z":-28.200000762939454},"Rotation":{"x":0.0,"y":0.0,"z":0.0},"Scale":{"x":0.47999998927116396,"y":10.0,"z":0.019999999552965165}}}],"teleportPoints":[{"tag":"Yellow","materialColor":"Yellow","transform":{"Position":{"x":-13.199999809265137,"y":5.5,"z":-73.79999542236328},"Rotation":{"x":0.0,"y":0.0,"z":0.0},"Scale":{"x":0.07500000298023224,"y":1.0,"z":0.07500000298023224}}}],"gameOverPoint":{"tag":"","materialColor":"","transform":{"Position":{"x":0.0,"y":0.0,"z":0.0},"Rotation":{"x":0.0,"y":0.0,"z":0.0},"Scale":{"x":0.0,"y":0.0,"z":0.0}}},"startPoints":[{"tag":"Untagged","materialColor":"","transform":{"Position":{"x":-53.20000076293945,"y":5.5,"z":-44.400001525878909},"Rotation":{"x":0.0,"y":0.0,"z":0.0},"Scale":{"x":0.07500000298023224,"y":1.0,"z":0.07500000298023224}}}]},"CommonRooms":[{"walls":[{"tag":"Wall","materialColor":"","transform":{"Position":{"x":0.0,"y":5.5,"z":-63.400001525878909},"Rotation":{"x":0.0,"y":0.0,"z":0.0},"Scale":{"x":0.019999999552965165,"y":10.0,"z":0.3499999940395355}}},{"tag":"Wall","materialColor":"","transform":{"Position":{"x":46.0,"y":5.5,"z":-28.200000762939454},"Rotation":{"x":0.0,"y":0.0,"z":0.0},"Scale":{"x":0.47999998927116396,"y":10.0,"z":0.019999999552965165}}}],"teleportPoints":[{"tag":"Blue","materialColor":"Blue","transform":{"Position":{"x":59.39999771118164,"y":5.5,"z":-42.0},"Rotation":{"x":0.0,"y":0.0,"z":0.0},"Scale":{"x":0.07500000298023224,"y":1.0,"z":0.07500000298023224}}},{"tag":"Lime","materialColor":"Lime","transform":{"Position":{"x":14.399999618530274,"y":5.5,"z":-69.0},"Rotation":{"x":0.0,"y":0.0,"z":0.0},"Scale":{"x":0.07500000298023224,"y":1.0,"z":0.07500000298023224}}}],"gameOverPoint":{"tag":"","materialColor":"","transform":{"Position":{"x":0.0,"y":0.0,"z":0.0},"Rotation":{"x":0.0,"y":0.0,"z":0.0},"Scale":{"x":0.0,"y":0.0,"z":0.0}}},"startPoints":[]},{"walls":[{"tag":"Wall","materialColor":"","transform":{"Position":{"x":-38.20000076293945,"y":5.5,"z":24.600000381469728},"Rotation":{"x":0.0,"y":0.0,"z":0.0},"Scale":{"x":0.3700000047683716,"y":10.0,"z":0.019999999552965165}}}],"teleportPoints":[{"tag":"Red","materialColor":"Red","transform":{"Position":{"x":-36.79999923706055,"y":5.5,"z":62.19999694824219},"Rotation":{"x":0.0,"y":0.0,"z":0.0},"Scale":{"x":0.07500000298023224,"y":1.0,"z":0.07500000298023224}}},{"tag":"Green","materialColor":"Green","transform":{"Position":{"x":-55.0,"y":5.5,"z":39.39999771118164},"Rotation":{"x":0.0,"y":0.0,"z":0.0},"Scale":{"x":0.07500000298023224,"y":1.0,"z":0.07500000298023224}}},{"tag":"Yellow","materialColor":"Yellow","transform":{"Position":{"x":-14.200000762939454,"y":5.5,"z":39.39999771118164},"Rotation":{"x":0.0,"y":0.0,"z":0.0},"Scale":{"x":0.07500000298023224,"y":1.0,"z":0.07500000298023224}}}],"gameOverPoint":{"tag":"","materialColor":"","transform":{"Position":{"x":0.0,"y":0.0,"z":0.0},"Rotation":{"x":0.0,"y":0.0,"z":0.0},"Scale":{"x":0.0,"y":0.0,"z":0.0}}},"startPoints":[]},{"walls":[{"tag":"Wall","materialColor":"","transform":{"Position":{"x":0.0,"y":5.5,"z":-3.0},"Rotation":{"x":0.0,"y":0.0,"z":0.0},"Scale":{"x":0.019999999552965165,"y":10.0,"z":0.3499999940395355}}}],"teleportPoints":[{"tag":"Red","materialColor":"Red","transform":{"Position":{"x":65.0,"y":5.5,"z":13.40000057220459},"Rotation":{"x":0.0,"y":0.0,"z":0.0},"Scale":{"x":0.07500000298023224,"y":1.0,"z":0.07500000298023224}}},{"tag":"Aqua","materialColor":"Aqua","transform":{"Position":{"x":21.600000381469728,"y":5.5,"z":-16.799999237060548},"Rotation":{"x":0.0,"y":0.0,"z":0.0},"Scale":{"x":0.07500000298023224,"y":1.0,"z":0.07500000298023224}}}],"gameOverPoint":{"tag":"","materialColor":"","transform":{"Position":{"x":0.0,"y":0.0,"z":0.0},"Rotation":{"x":0.0,"y":0.0,"z":0.0},"Scale":{"x":0.0,"y":0.0,"z":0.0}}},"startPoints":[]},{"walls":[],"teleportPoints":[{"tag":"Aqua","materialColor":"Aqua","transform":{"Position":{"x":-74.5999984741211,"y":5.5,"z":-15.000000953674317},"Rotation":{"x":0.0,"y":0.0,"z":0.0},"Scale":{"x":0.07500000298023224,"y":1.0,"z":0.07500000298023224}}},{"tag":"Lime","materialColor":"Lime","transform":{"Position":{"x":-48.79999923706055,"y":5.5,"z":11.200000762939454},"Rotation":{"x":0.0,"y":0.0,"z":0.0},"Scale":{"x":0.07500000298023224,"y":1.0,"z":0.07500000298023224}}},{"tag":"Green","materialColor":"Green","transform":{"Position":{"x":-17.399999618530275,"y":5.5,"z":-14.59999942779541},"Rotation":{"x":0.0,"y":0.0,"z":0.0},"Scale":{"x":0.07500000298023224,"y":1.0,"z":0.07500000298023224}}}],"gameOverPoint":{"tag":"","materialColor":"","transform":{"Position":{"x":0.0,"y":0.0,"z":0.0},"Rotation":{"x":0.0,"y":0.0,"z":0.0},"Scale":{"x":0.0,"y":0.0,"z":0.0}}},"startPoints":[]}],"gameOverRoom":{"walls":[{"tag":"Wall","materialColor":"","transform":{"Position":{"x":0.0,"y":5.5,"z":53.20000076293945},"Rotation":{"x":0.0,"y":0.0,"z":0.0},"Scale":{"x":0.019999999552965165,"y":10.0,"z":0.3100000023841858}}},{"tag":"Wall","materialColor":"","transform":{"Position":{"x":38.20000076293945,"y":5.5,"z":24.399999618530275},"Rotation":{"x":0.0,"y":0.0,"z":0.0},"Scale":{"x":0.3700000047683716,"y":10.0,"z":0.019999999552965165}}}],"teleportPoints":[{"tag":"Blue","materialColor":"Blue","transform":{"Position":{"x":13.199999809265137,"y":5.5,"z":41.0},"Rotation":{"x":0.0,"y":0.0,"z":0.0},"Scale":{"x":0.07500000298023224,"y":1.0,"z":0.07500000298023224}}}],"gameOverPoint":{"tag":"GameOver","materialColor":"","transform":{"Position":{"x":47.20000076293945,"y":5.5,"z":66.19999694824219},"Rotation":{"x":0.0,"y":0.0,"z":0.0},"Scale":{"x":0.07500000298023224,"y":1.0,"z":0.07500000298023224}}},"startPoints":[]}},"spikeBallsPosition":[]}